Japanese,English,Score
僕は朝食前に必ず30分ほど散歩することにしている。,I always go for a walk for about half an hour before breakfast.,0.9101600050926208
まだ決めたわけではありませんが、会社を辞める事を考えています。,"I have not made up my mind yet, but I’m thinking of leaving the company.",0.9495055675506592
この地に来たのはある調査をするためで、休日を過ごすためではない。,"I’ve come here to make a survey, not to spend my vacation.",0.8413143157958984
今朝からずっと待っているのに、彼はまだ現れない。,"I’ve been waiting since this morning, but he still hasn’t come.",0.9594965577125549
カナダでの生活は、案外お金がかからなかった。,Living in Canada was not as expensive as I thought it would be.,0.768300473690033
私たちが空港に着いたとき、その飛行機はすでに離陸したあとだった。,"When we got to the airport, the airplane had already left.",0.8821736574172974
お金があれば、もう一泊するのだが。,"If I had more money, I could stay one more night.",0.9329659342765808
昨夜、急げば終電に間に合っていただろう。,"If I had hurried last night, I could have caught the last train.
",0.8683730959892273
午前9時発の新幹線は静岡に停車するかどうか教えてください。,Could you tell me whether the 9 a.m Shinkansen stopes at Shizuoka?,0.8644006252288818
新郎新婦は、五時半の特急で新婚旅行に出かけます。,the bride and groom are leaving on their honeymoon on the 5:30 express.,0.8473113775253296
私たちは当面ホテル住まいをしているが、いずれマンションを見つけるつもりです。,"We are living in a hotel for the time being, but we are going to find an apartment pretty soon.",0.9413719773292542
学校を休んで家にいれば、彼は数日中に風邪が治るに違いない。,"If he stays home from school for a few days, he will get over his cold.",0.9234760999679565
日本を訪れる外国人観光客は年々増えている。,Every year more and more foreign tourists are visiting Japan.,0.967950701713562
私はおととしの夏、江ノ島に海水浴に行った。,I went swimming in Enoshima the summer before last.,0.8303207159042358
この頃、ほとんどの用事は携帯電話で済ませてしまう人が多い。,Nowadays many people get almost everything done by using their cellphones.,0.9177515506744385
この二か月で内閣支持率を急上昇した。,The approval rating for the Cabinet has been rising sharply for the last two months.,0.8505674004554749
朝起きたら最初に何をしますか。,What is the first thing you do after you get up?,0.950333297252655
それは秘密にしておいた方が良い,You should leave it unsaid.,0.7670655250549316
大臣は前言の撤回をせざるをえなかった。,The minister had to admit that what he said was wrong.,0.6807156801223755
彼女を失ってはじめて、お金では買えないものがあることを知った。,I had thought I could buy anything with money until I lost her.,0.746973991394043
円高のおかげで、最近は海外旅行が安くできるようになった。,"Thanks to the strong yen, we can travel abroad for less money these days.",0.8685897588729858
この箱を運ぶのにちょっと手を貸していただけませんか。,Could you give me a hand with this box?,0.9038565754890442
その店で買い物をしていたら、旧友のジムに会いました。,"I was shopping I ran into Jim, an old friend of mine.",0.9628978371620178
火災が発生してから30分後に消防隊が到着した。,The fire brigade arrived 30 minutes after the fire broke out.,0.9400469660758972
ホワイト氏は、四人家族を養うために一生懸命働いた。,Mr. White worked hard to support a family of four.,0.9689971804618835
赤ちゃんが目を覚まさないように、私はそっと歩いた。,I crept around so as not to wake up the baby.,0.846498966217041
この歌を聞くといつも私たちが過ごしたニューヨークの日々を思い出す。,"When I hear this song, I’m always reminded of the days when we lived in New York.",0.9585385322570801
自分の故郷に少しも愛情を感じない人はめったにいません。,Most people love their hometown.,0.6960352659225464
君が大学に合格するかどうかは今後1年間の君の勉強量にかかっている。,Whether you pass the university entrance exam or not will depend on how much work you do over the coming year.,0.8360022306442261
丁寧に手を洗うことが、ばい菌の広がりを食い止める最良の方法である。,The best way to prevent the spread of germs is to wash your hands thoroughly.,0.9178034067153931
安売りがすべての消費者の利益になるとは限らない。,Not all bargains mean saving for the consumers.,0.8466407060623169
母親のわが子に対する愛情ほど美しいものはない。,Nothing is as beautiful as a mother’s love for her children.,0.9597291946411133
沖縄ほど米軍基地が集中している県は日本には他にはない。,Nowhere in Japan are there as many U.S. military bases as in Okinawa.,0.8572925329208374
こんなすさまじい台風は生まれて始めてだ。,This is the worst typhoon I’ve experienced.,0.5848029851913452
一般的に言って、人は年を取るにつれて、ますます寛大になるのです。,"Generally speaking, the older people get, he more broad-minded they become.",0.7715260982513428
先日20年ぶりに帰省した。,I went back to my hometown for the first time in twenty years the other day.,0.7899213433265686
こんなにいい天気は久しぶりですと地元の人が言っていた。,The local people said that it was the most beautiful day for years.,0.7204264402389526
この地方では、桜の花は3月の終わり頃に咲き、4月上旬に満開となる。,"In this area, the cherry blossoms come out around the end of March, and they are at their best in early April.",0.9491273164749146
外はひどい雨だから、もうしばらくここにおいでになった方がようでしょう。,It’s pouring down outside. I think it would be better to stay here a little longer.,0.8133566975593567
この頃、天候が変わりやすい。,These days the weather is changeable. ,0.9608164429664612
梅雨に入ってからこの二週間近くも降ったりやんだりしている。,"Since the rainy season set in, it has been raining off and on for nearly two weeks.",0.9351677894592285
今度の日曜日、天候がよければ奥多摩にハイキングに行きませんか。,How would you like to go hiking in Okutama next Sunday if the weather is nice.,0.7952319979667664
天気予報によると、台風は今夜半頃、九州地方に接近するそうです。,The weather repot says that the typhoon is going to hit the Kyusyu area around midnight.,0.7888885736465454
東京の気候は私の故郷よりもはるかに穏やかだ。,The climate in Tokyo is much milder than that in my hometown.,0.9609668254852295
今年の冬は例年になく雪が多い。,We’ve had more snow than usual this winter.,0.8554663062095642
こんなに大雪になったのは20年ぶりだ。,This is the heaviest snowfall we’ve had for the past twenty years.,0.7893536686897278
道が混んでいてバスが予定より20分も遅れたものですから。,"The traffic was heavy, so my bus came twenty minutes late.",0.9229897260665894
私は自動車を運転してほとんど30年になるが、幸いこれまで事故にあったことがない。,"I have been driving for almost thirty years, but fortunately I have never had an accident.",0.9529658555984497
幼稚園児がこの通りの交差点でトラックにはねられているのを見て、ショックを受けた。,I was shocked at how a small child was run over by a truck at this corner.,0.8894269466400146
もし彼がその電車に乗っていたら、事故に巻き込まれたでしょう。,"If he had been on the train, he would have been in the accident.",0.9697535634040833
東京から大阪までは車で行くと、一日がかりですが、飛行機で行くと、一時間です。,"It would take a whole day to get to Osaka from Tokyo by car, but only an hour by plane.",0.8837475776672363
電車もバスもすし詰めで、ずっと立ちっぱなしだった。,"Both the train and the bus were jam-packed, so I had to stand all the way.",0.8590942621231079
目的地に着いたときは、くたくただった。,I was tired out by the time I got to my destination.,0.9120814204216003
人によって考え方はまちまち。誰がどんな趣味を持っているのかはわからぬものだ。,Different people like different things. You can't tell what someone is interested in.,0.7654561996459961
昨夜はあの探偵小説について夢中になって、午前2時まで夜ふかししてしまったよ。,That detective story was so good I couldn't put it down until two this morning.,0.753513753414154
今までに私が読んだ多くの本の中で、今ちょうど読み終わった小説ほど感銘を受けた本はない。,The novel I've just finished is the best one I've ever read.,0.8698025941848755
本を読むには、積極的に想像力を働かさなければならないからです。,"If you want to get the most out of book, you have to make a conscious effor to stretch your imagination.",0.8819126486778259
読書は我々が子供に伝えなければならない文化遺産の一部だということを忘れてはならない。,We should bear in mind that reading is a part of our cultural heritage that we must hand down to our children.,0.9608694314956665
ウィスキーのボトルを2本も空けて車を運転するのは危険だ。,It would be dangerous to drink two bottles of whiskey and drive a car.,0.9303693771362305
日本の高校生の大半が、大学入試に備えるために塾に行く。,Most Japanese high school students go to a cram school to prepare for college entrance exams.,0.8530943393707275
列車で隣に座ったおばあさんに、どこまで行くのと尋ねられた。,An elderly woman sitting next to me on the train asked me where I was going.,0.8801426887512207
大地震がいつどこで起こるのかは予測不可能だ。,It is impossible to predict where and when there will be a major earthquake.,0.939778208732605
トムは万事うまくいくと言い張ったが、私は心配で仕方なかった。,"Tom insisted that everythig would be all right, but I couldn't help feeling worried.",0.9131386876106262
僕の発言が彼女を傷つけるなんで思いもしなかった。,It never occurred to me that my remark might hurt her feelings.,0.8891333937644958
大学を卒業したら海外で仕事を探すことに決めている。,I've decided to look for a job abroad when I graduate from college.,0.9625208377838135
10代の頃、父の仕事の関係でカナダに3年間住んだことがある。,I lived in Canada for three years when I was in my teens because my father was transferred there.,0.9177175760269165
インターネットの普及とともに、ここ数年、パソコンの売り上げが急速に伸びている。,"The Internet is widely used, so sales of personal computers have been rapidly increasing over the last few years. ",0.9513189792633057
今朝電車に乗ったとき、空いた席が見つからなかった。,"When I got on the train this morning, I couldn't find an empty seat.",0.9557916522026062
今はめがねをかけていないので、あの標示に何と書いてあるのかわかりません。,"I'm not wearing glasses now, so I can't make out what the sign says.",0.7617679834365845
人間は5~6歳になる頃には、思ったことを表現できる能力を持つようになる。,Humans learn to express what they think by the age of five or six.,0.9198193550109863
先日描いてもらった地図のおかげで、迷わずにここまで来ることができました。,"Thanks to the map you drew me the other day, I managed to get here without getting lost.",0.9167191982269287
ボブはずいぶんと変わっていたので、このまえのクラスで会った時に彼だと分からなかった。,"Bob had changed a lot, so when I saw him at a class reunion, I dind't recognize him.",0.8773552179336548
昨日は数学の予習に追われて4時まで起きていたので、とても眠い。,"I stayed up till four last night preparing for the math lesson, so I feel very sleepy.",0.9315831661224365
図書館から昨日借りてきた小説を読み終えたので、今はすることがない。,"I've finished reading the novel I borrowed from the library yesterday, so now I have nothing to do.",0.9304745197296143
図書館に来る学生の中には、まるで喫茶店にいるかのように振る舞う者がいる。,Some students coming to the library act as if they are in a coffee shop.,0.9502250552177429
子供の頃、もう少し家が広ければと思ったものでした。,"When I was a child, I often wished my house were a little larger.",0.8963147401809692
洪水や地震などの被災者を手助けするボランティアとして活動したい。,"I'd like to work as a volunteer helping victims of natural disasters, such as floods or earthquakes.",0.9386681318283081
トムは素晴らしいドラムを持っていますが、誰にも使わせません。,"Tom has nice drums, and he never lets anyone else play them.",0.8854868412017822
最初トムは冗談を言っていると思ったが、後で本気だとわかった。,"At first I thought Tom was joking, but later I realized he was serious.",0.9626185894012451
この前の日曜日、生まれて初めてイタリア料理に挑戦してみましたが、とってもおいしいものができました。,"Last Sunday I tried making some Italian food for the first time, and it was delicious. ",0.9685891270637512
私はアンに遅刻したことを誤ったが、許してはくれなかった。,"I apologized to Ann for being late, but she didn't forgive me.",0.9333823919296265
毎日、家事がとても忙しく、映画を観に行く暇がない。,I'm so busy doing the housework every day that I have no time to see a movie.,0.9456328749656677
この木の机は重いので私一人では二階まで運べない。,This wooden desk is too heavy for me to carry upstairs alone.,0.9588878154754639
ヨーロッパ旅行中、どこの国に行っても多くの日本人旅行者に出会うのでうんざりしました。,"While traveling in Europe,I was disappointed that wherever I went, there were many Japanese tourists.",0.8842757940292358
私がプレゼントしたイヤリングをして母が会社に行くのを見て、とてもうれしかった。,I was very happy when I saw my mother going to work wearing the earrings I had bought her.,0.9284369945526123
学校は勉強だけを教えているところだと思うのは、学校の役割を理解していない証拠です。,"If you expect that schools only teach academic subjects, then this proves that you don't understand what schools are for.",0.8731770515441895
たいていの日本人は、大部分の時間を生きるために働いで過ごす。,Most Japanese people spend most of their time working to live.,0.9833462834358215
日本人は、他人を傷つけないように自分の気持ちはできるだけ間接的に表現するのがふつうだ。,Japansse people usually express their feelings as indirectly as possible so that they won't offend others.,0.9419124126434326
大気中のCO2の増加は、地球温暖化と密接な関連がある。,The increase in the amout of CO2 in the atomosphere is closely connected with global warming.,0.9266941547393799
プロ野球はテレビで見るより球場で見た方が100倍面白い。,Professional baseball is far more exciting at a stadium than in TV.,0.8840316534042358
このバイクは、イギリスでは日本のおよそ二倍の値段です。,This motorbike is about twice as expensive in the U.K as in Japan.,0.9502919912338257
本を読む量が減ったからといって、今の若者の知的欲求が少なくなったということにはならない。,"Just because young people today read less than they used to, it doesn't always follow that they are less eager to learn.",0.8799551129341125
率直に言って、私が昨日受けた入学試験は思ってたよりもはるかに難しい。,"Frankly speaking, the entrance exams I took yesterday were far more difficult than I had expected.",0.9519381523132324
世界には食料が有り余っている国もあれば、何万人もの子供が餓死している国もある。,"In some countries people have too much food, while in others tens of thousands of children are starving.",0.9239497184753418
いくら運動しても、カロリーを計算していないと減量は無理だよ。,"However much exercise you get, you won't lose weight unless you count your calories.",0.9220400452613831
日本人の観光客の中には、非常識にも多額の現金をズボンの後ろのポケットに入れて持ち歩く者がいる。,Some Japanese tourists lack common sense and carry a lot of cash in their backpockets.,0.8954342603683472
健康を維持する秘訣は、バランスのとれた食事をし定期的に運動することです。,"In order to stay healthy, you should have a balanced diet and get regular exercise.",0.9571423530578613
外国に行って初めて、日本の大都市のネオンの多さに気づく。,It is not until you go abroad that you realize how many neon lighs there are in big Japanese cities.,0.7918128371238708
英語を話せさえすれば国際人になれると勘違いしている日本人が多いのは残念だ。,It is a pity that many Japanese people mistakenly believe that they have only to speak English to be internationally-minded.,0.9626889228820801
日本の若者の10人のうち7人は、まったく無宗教だと言われる。,It is said that seven out of ten young Japanse people don't believe in religion.,0.8870421648025513
